{
  "name": "Attendify",
  "description": "A modern, high-performance attendance and salary management system with glassmorphism UI, real-time calculations, and PWA support.",
  "short_name": "Attendify",
  "start_url": ".",
  "display": "standalone",
  "theme_color": "#0ea5e9",
  "background_color": "#0f172a",
  "icons": [
    {
      "src": "https://picsum.photos/192/192",
      "sizes": "192x192",
      "type": "image/png"
    },
    {
      "src": "https://picsum.photos/512/512",
      "sizes": "512x512",
      "type": "image/png"
    }
  ],
  "requestFramePermissions": []
}